[
  {
    "city": "Brooklyn",
    "city_ascii": "Brooklyn",
    "lat": 40.6782,
    "lng": 73.9442,
    "country": "United States",
    "iso2": "US",
    "iso3": "USA",
    "admin_name": "New York",
    "capital": "admin",
    "population": 2736074,
    "image": "./images/brooklyn.jpg",
    "mapImage": "./images/brooklynmap.png",
    "about": "Brooklyn is a borough of New York City located at the westernmost end of Long Island in the State of New York. Formerly an independent city, the borough is coextensive with Kings County, one of twelve original counties established under British rule in 1683 in the then Province of New York."
  },
  {
    "city": "Naha",
    "city_ascii": "Naha",
    "lat": 26.2124,
    "lng": 127.6792,
    "country": "Japan",
    "iso2": "JP",
    "iso3": "JPN",
    "admin_name": "Okinawa",
    "capital": "admin",
    "population": 315954,
    "image": "./images/naha.jpeg",
    "mapImage": "./images/nahamap.jpg",
    "about": "Okinawa is a Japanese prefecture comprising more than 150 islands in the East China Sea between Taiwan and Japan's mainland. It's known for its tropical climate, broad beaches and coral reefs, as well as World War II sites."
  },
  {
    "city": "Perth",
    "city_ascii": "Perth",
    "lat": -31.9505,
    "lng": 115.8605,
    "country": "Australia",
    "iso2": "AU",
    "iso3": "AUS",
    "admin_name": "Western Australia",
    "capital": "admin",
    "population": 2112000,
    "image": "./images/perth.jpeg",
    "mapImage": "./images/perthmap.webp",
    "about": "Perth, capital of Western Australia, sits where the Swan River meets the southwest coast. Sandy beaches line its suburbs, and the huge, riverside Kings Park and Botanic Garden on Mount Eliza offer sweeping views of the city. "
  },
  {
    "city": "Florence",
    "city_ascii": "Florence",
    "lat": 43.7696,
    "lng": 11.2558,
    "country": "Italy",
    "iso2": "IT",
    "iso3": "ITA",
    "admin_name": "Tuscany",
    "capital": "admin",
    "population": 382258,
    "image": "./images/florence.jpeg",
    "mapImage": "./images/florencemap.webp",
    "about": "Florence, capital of Italy’s Tuscany region, is home to many masterpieces of Renaissance art and architecture. One of its most iconic sights is the Duomo, a cathedral with a terracotta-tiled dome and a bell tower."
  },
  {
    "city": "Rabat",
    "city_ascii": "Rabat",
    "lat": 34.0209,
    "lng": -6.8416,
    "country": "Morocco",
    "iso2": "MA",
    "iso3": "MAR",
    "admin_name": "Rabat-Salé-Kénitra",
    "capital": "primary",
    "population": 580000,
    "image": "./images/rabat.jpeg",
    "mapImage": "./images/rabatmap.webp",
    "about": "Rabat, Morocco's capital, rests along the shores of the Bouregreg River and the Atlantic Ocean. It's known for landmarks that speak to its Islamic and French-colonial heritage, including the Kasbah of the Udayas."
  },
  {
    "city": "Ames",
    "city_ascii": "Ames",
    "lat": 42.0347,
    "lng": -93.6204,
    "country": "United States",
    "iso2": "US",
    "iso3": "USA",
    "admin_name": "Iowa",
    "capital": "minor",
    "population": 66127,
    "image": "./images/ames.jpeg",
    "mapImage": "./images/amesmap.png",
    "about": "Ames is a city in Story County, Iowa, United States, located approximately 30 miles north of Des Moines in central Iowa. It is best known as the home of Iowa State University."
  },
  {
    "city": "Krakow",
    "city_ascii": "Krakow",
    "lat": 50.0647,
    "lng": 19.9450,
    "country": "Poland",
    "iso2": "PL",
    "iso3": "POL",
    "admin_name": "Lesser Poland Voivodeship",
    "capital": "minor",
    "population": 804237,
    "image": "./images/krakow.webp",
    "mapImage": "./images/krakowmap.png",
    "about": "Kraków, a southern Poland city near the border of the Czech Republic, is known for its well-preserved medieval core and Jewish quarter. Its old town – ringed by Planty Park and remnants of the city’s medieval walls – is centered on the stately, expansive Rynek Glówny (market square)."
  },
  {
    "city": "Lima",
    "city_ascii": "Lima",
    "lat": -12.0464,
    "lng": -77.0428,
    "country": "Peru",
    "iso2": "PE",
    "iso3": "PER",
    "admin_name": "Lima",
    "capital": "primary",
    "population": 9674755,
    "image": "./images/lima.jpeg",
    "mapImage": "./images/limamap.jpg",
    "about": "Lima, the capital of Peru, lies on the country's arid Pacific coast. Though its colonial center is preserved, it's a bustling metropolis and one of South America’s largest cities."
  }
]